{"_runtime": 2.825214147567749, "_timestamp": 1598459301.715274, "_step": 1, "loss": 4079.54638671875, "Average Reward": -8.05}
