{"eps": 1.459882840049975e-06, "_step": 671852, "avgRewards:": -1126939.134366414, "_timestamp": 1596079610.130811, "Loss": 23084.7890625, "_runtime": 1097.1058268547058}
