{"Average Reward": -831.2102388745052, "_runtime": 162.19981217384338, "_timestamp": 1598597285.978924, "loss": NaN, "_step": 123}
