{"Average Reward": -764.5292517837352, "_step": 245, "_runtime": 296.73328590393066, "_timestamp": 1598554917.082803, "loss": NaN}
