{"_timestamp": 1598735848.3178508, "_step": 11, "Average Reward": -299.62419645852685, "loss": NaN, "_runtime": 14.843500852584839}
