{"_step": 6, "loss": NaN, "_runtime": 21.12786316871643, "_timestamp": 1598466984.707411, "Average Reward": -70.31086042187498}
