{"_runtime": 5.355855226516724, "Loss": 27692.978515625, "_step": 101, "_timestamp": 1595884803.981066}
