{"loss": NaN, "Average Reward": -1082.1455604098746, "_timestamp": 1598552281.0700212, "_step": 14, "_runtime": 31.90110206604004}
