{"eps": 0.46039624565137666, "avgRewards:": NaN, "_step": 38784, "Loss": 3.5911099910736084, "_timestamp": 1596418703.5430431, "_runtime": 78.37449908256531}
