{"_timestamp": 1598462074.9462872, "_step": 9, "Average Reward": -58.97174300466992, "loss": 40418.5859375, "_runtime": 11.118200063705444}
