{"Step Rewards:": -342.70884080643293, "_step": 625897, "_timestamp": 1596560060.162719, "eps": 3.6600081605990976e-06, "Loss": 11.732510566711426, "_runtime": 1127.057107925415}
