{"loss": 1003.9901733398438, "_timestamp": 1598552385.743736, "_step": 37, "_runtime": 78.55230402946472, "Average Reward": -2343.350888438512}
