{"loss": 698847.5625, "_runtime": 34.08672213554382, "_step": 2, "_timestamp": 1598459052.206005, "Average Reward": -909.6525}
