{"loss": NaN, "_runtime": 63.582531213760376, "Average Reward": -103.11644949399928, "_timestamp": 1598552493.06557, "_step": 61}
