{"Episode rewards:": 1.0, "_runtime": 92.98506712913513, "_timestamp": 1598293570.12694, "_step": 2499}
