{"_step": 0, "Loss": 19417.330078125, "_timestamp": 1595884611.8873558, "_runtime": 3.4671127796173096}
