{"_runtime": 18.775586128234863, "Average Reward": -76.87579389904491, "_timestamp": 1598467501.278603, "loss": NaN, "_step": 9}
