{"_step": 68, "loss": NaN, "_runtime": 72.8787157535553, "_timestamp": 1598735411.412278, "Average Reward": -569.1690112160599}
