{"eps": 0.9943601076866062, "_step": 28280, "Loss": 6.1423492431640625, "_runtime": 58.350314140319824, "Step Rewards:": -257.54510711888645, "_timestamp": 1596561161.268584}
