{"_runtime": 87.21973133087158, "_timestamp": 1598596368.3923252, "loss": NaN, "_step": 81, "Average Reward": -705.2215209981914}
