{"_runtime": 308.1515278816223, "_step": 279, "_timestamp": 1598592832.114027, "Average Reward": -589.972820052985, "loss": NaN}
