{"Average Reward": -147.4238768956908, "_step": 581, "loss": 472.00836181640625, "_runtime": 604.1572659015656, "_timestamp": 1598460033.764371}
