{"Average Reward": -422.9766179746333, "_step": 99, "loss": NaN, "_timestamp": 1598555503.520332, "_runtime": 92.35786604881287}
