{"loss": NaN, "_runtime": 205.1689648628235, "Average Reward": 124.82928084790912, "_step": 174, "_timestamp": 1598591375.3108559}
