{"reward": -1, "Actions": [1, "l"], "_step": 10003, "_runtime": 88.86983609199524, "_timestamp": 1598458921.009971, "loss": 293855.59375}
