{"Average Reward": -464.25, "_runtime": 21.147900819778442, "_step": 1, "loss": 60184.515625, "_timestamp": 1598458425.894888}
