{"_timestamp": 1598549998.3992279, "_runtime": 607.5462348461151, "_step": 300, "Average Reward": -536.3867866654637, "loss": NaN}
