{"Episode rewards:": 12.785914365746299, "_step": 2499, "_timestamp": 1598293261.764693, "_runtime": 92.28745293617249}
