{"_step": 21109, "_timestamp": 1595885241.736199, "_runtime": 39.48342490196228, "Loss": 20935.953125}
