{"_timestamp": 1598459116.2016509, "Average Reward": -141.36825285761512, "_step": 10, "_runtime": 17.588175773620605, "loss": 15251.9931640625}
