{"_runtime": 850.8231356143951, "_timestamp": 1596419895.8800159, "_step": 427028, "avgRewards:": -9102.554918833664, "Loss": 8275.388671875, "eps": 0.0001953680374817573}
