{"Loss": 114169.6171875, "_runtime": 92.69946002960205, "_timestamp": 1595885151.91051, "_step": 52520}
