{"Actions": [1, "l"], "_runtime": 95.07257795333862, "reward": -1, "_timestamp": 1598458702.898058, "_step": 9999}
