{"avgRewards:": NaN, "Loss": 34314.21484375, "eps": 0.7768697886492747, "_timestamp": 1595886854.960918, "_runtime": 24.182936906814575, "_step": 12625}
