{"_runtime": 14.847782850265503, "_step": 10, "loss": NaN, "Average Reward": -42.07666127642725, "_timestamp": 1598596452.190113}
