{"loss": 9492.173828125, "_timestamp": 1598549170.159426, "_step": 1, "_runtime": 7.558306932449341, "Average Reward": -51.35}
