{"_step": 2874, "Eps cumulative Reward": 12.0, "_timestamp": 1598415277.731989, "Eps Avg reward:": 1.0, "_runtime": 132.34422397613525}
