{"_step": 840017, "_runtime": 1470.3921391963959, "_timestamp": 1596081552.425929, "Loss": 4.936500072479248, "eps": 5.0540643354514944e-08, "avgRewards:": NaN}
