{"_step": 16649, "_timestamp": 1598304671.526818, "_runtime": 370.155296087265, "Episode rewards:": 8.0}
