{"_timestamp": 1598458484.3065212, "_step": 1, "_runtime": 25.47123622894287, "Average Reward": -453.25, "loss": 43225.12890625}
