{"_step": 68579, "Loss": 2.4788010120391846, "_runtime": 132.7198703289032, "_timestamp": 1596419022.0137851, "eps": 0.2537073819129495, "avgRewards:": NaN}
