{"_timestamp": 1596418820.7727082, "avgRewards:": NaN, "_step": 49692, "_runtime": 94.74349808692932, "eps": 0.370156296956349, "Loss": 0.5386919379234314}
