{"_runtime": 15.859055995941162, "_step": 6868, "Loss": 54101.1953125, "_timestamp": 1595884917.784427}
