{"Average Reward": -678.6706585184226, "loss": 466.1310119628906, "_timestamp": 1598734981.1648278, "_runtime": 357.0998647212982, "_step": 272}
