{"_runtime": 4477.240007162094, "eps": 0.5911832415133179, "_step": 2628121, "Step Rewards:": -137.3031387927418, "Loss": 1.5470503568649292, "_timestamp": 1596565653.119085}
