{"_step": 24, "_runtime": 105.3040361404419, "Average Reward": -260.0151549573239, "_timestamp": 1598467939.026734, "loss": 17411.05078125}
