{"_timestamp": 1598596261.428181, "_step": 153, "Average Reward": -757.8439560832695, "_runtime": 169.13032793998718, "loss": 466.274658203125}
