{"_timestamp": 1598460434.414913, "loss": NaN, "_step": 165, "_runtime": 356.5113489627838, "Average Reward": -198.02949148064553}
