{"_runtime": 89.42266392707825, "_timestamp": 1598293676.510089, "_step": 2499, "Episode rewards:": 10.0}
