{"loss": NaN, "_step": 32, "Average Reward": -476.62483117206773, "_runtime": 33.05669903755188, "_timestamp": 1598595969.966356}
