{"_timestamp": 1598462421.919502, "Average Reward": -118.90319050313045, "_step": 294, "_runtime": 284.3195848464966, "loss": NaN}
