{"_runtime": 190.23687100410461, "_timestamp": 1598735195.348171, "Average Reward": -614.4543585205339, "loss": NaN, "_step": 167}
