{"avgRewards:": NaN, "_timestamp": 1595887116.1659641, "eps": 0.4195432389010799, "_runtime": 75.78095531463623, "_step": 43430, "Loss": 51304.25390625}
